label,metaGroupId,groupId,goodPeakCount,medMz,medRt,maxQuality,isotopeLabel,compound,compoundId,formula,expectedRtDiff,ppmDiff,parent,pos-mix-01
,1,1,1,59.062012,10.461,0.724214,,59.062012@10.461134,59.062012@10.461134,,0.000,0.000000,59.062012,2712197.75
,2,2,1,104.106728,14.679,0.772485,,104.106728@14.679183,104.106728@14.679183,,0.000,0.000000,104.106728,292236160.00
,3,3,1,59.061996,10.461,0.704770,,59.061996@10.461134,59.061996@10.461134,,0.000,0.000000,59.061996,2492960.75
,4,4,1,104.110580,14.679,0.697916,,104.110580@14.679183,104.110580@14.679183,,0.000,0.000000,104.110580,3532385.25
,5,5,1,59.071239,10.251,0.643285,,59.071239@10.251316,59.071239@10.251316,,0.000,0.000000,59.071239,229930.92
,6,6,1,59.071243,9.856,0.522047,,59.071243@9.856350,59.071243@9.856350,,0.000,0.000000,59.071243,135182.30
,7,7,1,104.123047,14.693,0.824337,,104.123047@14.693000,104.123047@14.693000,,0.000,0.000000,104.123047,62142.62
,8,8,1,104.122406,14.821,0.626296,,104.122406@14.820734,104.122406@14.820734,,0.000,0.000000,104.122406,83805.66
,9,9,1,104.122589,15.203,0.662455,,104.122589@15.202883,104.122589@15.202883,,0.000,0.000000,104.122589,30178.74
,10,10,1,59.077229,10.366,0.844817,,59.077229@10.366366,59.077229@10.366366,,0.000,0.000000,59.077229,92043.62
,11,11,1,59.077629,8.960,0.832171,,59.077629@8.960450,59.077629@8.960450,,0.000,0.000000,59.077629,75425.07
,12,12,1,59.077492,9.555,0.810382,,59.077492@9.555483,59.077492@9.555483,,0.000,0.000000,59.077492,78952.90
,13,13,1,59.062012,10.461,0.724451,,59.062012@10.461134,59.062012@10.461134,,0.000,0.000000,59.062012,2633304.75
,14,14,1,59.062012,10.461,0.724634,,59.062012@10.461134,59.062012@10.461134,,0.000,0.000000,59.062012,2587538.75
,15,15,1,59.060181,13.565,0.659290,,59.060181@13.565351,59.060181@13.565351,,0.000,0.000000,59.060181,130344296.00
,16,16,1,104.106750,14.679,0.808159,,104.106750@14.679183,104.106750@14.679183,,0.000,0.000000,104.106750,300140800.00
,17,17,1,59.062012,10.461,0.724102,,59.062012@10.461134,59.062012@10.461134,,0.000,0.000000,59.062012,2936548.25
,18,18,1,59.072639,12.459,0.681289,,59.072639@12.459451,59.072639@12.459451,,0.000,0.000000,59.072639,537203.44
,19,19,1,102.127571,8.746,0.824319,,102.127571@8.746266,102.127571@8.746266,,0.000,0.000000,102.127571,117611800.00
,20,20,1,102.127556,8.746,0.827729,,102.127556@8.746266,102.127556@8.746266,,0.000,0.000000,102.127556,116158592.00
,21,21,1,59.062012,10.461,0.725187,,59.062012@10.461134,59.062012@10.461134,,0.000,0.000000,59.062012,2961296.75
,22,22,1,60.052132,16.668,0.801542,,60.052132@16.668499,60.052132@16.668499,,0.000,0.000000,60.052132,32055.17
,23,23,1,60.052433,18.924,0.722515,,60.052433@18.923500,60.052433@18.923500,,0.000,0.000000,60.052433,68850.23
,24,24,1,60.052372,19.957,0.515978,,60.052372@19.957167,60.052372@19.957167,,0.000,0.000000,60.052372,162928.14
,25,25,1,59.072540,12.459,0.675720,,59.072540@12.459451,59.072540@12.459451,,0.000,0.000000,59.072540,537031.00
,26,26,1,59.061951,3.240,0.699965,,59.061951@3.240417,59.061951@3.240417,,0.000,0.000000,59.061951,336630.47
,27,27,1,59.061951,2.987,0.609392,,59.061951@2.986800,59.061951@2.986800,,0.000,0.000000,59.061951,383605.00
,28,28,1,94.929443,15.915,0.840839,,94.929443@15.914516,94.929443@15.914516,,0.000,0.000000,94.929443,41984076.00
,29,29,1,61.039486,5.885,0.805750,,61.039486@5.884783,61.039486@5.884783,,0.000,0.000000,61.039486,40190544.00
,30,30,1,61.039463,5.885,0.770154,,61.039463@5.884783,61.039463@5.884783,,0.000,0.000000,61.039463,38171804.00
,31,31,1,104.070450,13.365,0.830440,,104.070450@13.364917,104.070450@13.364917,,0.000,0.000000,104.070450,33426464.00
,32,32,1,104.070465,11.241,0.665215,,104.070465@11.240816,104.070465@11.240816,,0.000,0.000000,104.070465,653429.06
,33,33,1,100.111954,9.581,0.829817,,100.111954@9.581467,100.111954@9.581467,,0.000,0.000000,100.111954,32346472.00
,34,34,1,61.041039,5.794,0.718670,,61.041039@5.793800,61.041039@5.793800,,0.000,0.000000,61.041039,335810.69
,35,35,1,100.111938,8.355,0.791474,,100.111938@8.354583,100.111938@8.354583,,0.000,0.000000,100.111938,24779350.00
,36,36,1,76.075584,12.459,0.841100,,76.075584@12.459451,76.075584@12.459451,,0.000,0.000000,76.075584,24463870.00
,37,37,1,100.115654,9.568,0.849591,,100.115654@9.568483,100.115654@9.568483,,0.000,0.000000,100.115654,222590.83
,38,38,1,100.115715,8.370,0.847066,,100.115715@8.369666,100.115715@8.369666,,0.000,0.000000,100.115715,164703.30
,39,39,1,61.041042,5.794,0.693180,,61.041042@5.793800,61.041042@5.793800,,0.000,0.000000,61.041042,343626.62
,40,40,1,100.115715,8.370,0.851074,,100.115715@8.369666,100.115715@8.369666,,0.000,0.000000,100.115715,164703.30
,41,41,1,100.116608,3.979,0.592797,,100.116608@3.978567,100.116608@3.978567,,0.000,0.000000,100.116608,5728.65
,42,42,1,76.078316,12.476,0.852570,,76.078316@12.475699,76.078316@12.475699,,0.000,0.000000,76.078316,180479.69
,43,43,1,61.039501,5.885,0.799384,,61.039501@5.884783,61.039501@5.884783,,0.000,0.000000,61.039501,40678932.00
,44,44,1,74.099014,8.946,0.841655,,74.099014@8.945817,74.099014@8.945817,,0.000,0.000000,74.099014,154024.27
,45,45,1,105.110176,14.679,0.813113,,105.110176@14.679183,105.110176@14.679183,,0.000,0.000000,105.110176,16410755.00
,46,46,1,90.094528,14.835,0.840577,,90.094528@14.835184,90.094528@14.835184,,0.000,0.000000,90.094528,119797.16
,47,47,1,90.091209,14.806,0.733895,,90.091209@14.806266,90.091209@14.806266,,0.000,0.000000,90.091209,14219861.00
,48,48,1,102.127586,8.746,0.809855,,102.127586@8.746266,102.127586@8.746266,,0.000,0.000000,102.127586,122426144.00
,49,49,1,102.127609,10.126,0.758427,,102.127609@10.126284,102.127609@10.126284,,0.000,0.000000,102.127609,8564525.00
,50,50,1,102.131920,8.733,0.854365,,102.131920@8.732767,102.131920@8.732767,,0.000,0.000000,102.131920,765535.00
,51,51,1,102.132004,6.055,0.602962,,102.132004@6.055450,102.132004@6.055450,,0.000,0.000000,102.132004,30499.71
,52,52,1,74.099014,8.946,0.766679,,74.099014@8.945817,74.099014@8.945817,,0.000,0.000000,74.099014,154024.27
,53,53,1,74.098907,17.509,0.590400,,74.098907@17.509001,74.098907@17.509001,,0.000,0.000000,74.098907,103190.07
,54,54,1,74.098770,18.510,0.528483,,74.098770@18.510000,74.098770@18.510000,,0.000,0.000000,74.098770,111310.38
,55,55,1,104.992126,16.102,0.834792,,104.992126@16.101534,104.992126@16.101534,,0.000,0.000000,104.992126,10245536.00
,56,56,1,62.981640,16.102,0.836561,,62.981640@16.101534,62.981640@16.101534,,0.000,0.000000,62.981640,10060908.00
,57,57,1,87.043938,13.365,0.833526,,87.043938@13.364917,87.043938@13.364917,,0.000,0.000000,87.043938,9173039.00
,58,58,1,87.046745,13.365,0.752966,,87.046745@13.364917,87.046745@13.364917,,0.000,0.000000,87.046745,61508.84
,59,59,1,103.133499,8.733,0.850719,,103.133499@8.732767,103.133499@8.732767,,0.000,0.000000,103.133499,227008.39
,60,60,1,103.133568,3.803,0.675244,,103.133568@3.803167,103.133568@3.803167,,0.000,0.000000,103.133568,11273.46
,61,61,1,90.054848,12.782,0.808588,,90.054848@12.782233,90.054848@12.782233,,0.000,0.000000,90.054848,8424259.00
,62,62,1,90.054840,13.223,0.809259,,90.054840@13.223149,90.054840@13.223149,,0.000,0.000000,90.054840,1988340.38
,63,63,1,103.130951,8.733,0.803203,,103.130951@8.732767,103.130951@8.732767,,0.000,0.000000,103.130951,8666428.00
,64,64,1,103.130951,10.154,0.627339,,103.130951@10.153600,103.130951@10.153600,,0.000,0.000000,103.130951,509227.75
,65,65,1,116.070450,11.750,0.839333,,116.070450@11.749850,116.070450@11.749850,,0.000,0.000000,116.070450,8157748.50
,66,66,1,104.996475,16.114,0.712940,,104.996475@16.114433,104.996475@16.114433,,0.000,0.000000,104.996475,54268.96
,67,67,1,86.059929,13.365,0.833171,,86.059929@13.364917,86.059929@13.364917,,0.000,0.000000,86.059929,7293032.00
,68,68,1,100.111954,9.581,0.819037,,100.111954@9.581467,100.111954@9.581467,,0.000,0.000000,100.111954,32489142.00
,69,69,1,96.927582,15.915,0.841632,,96.927582@15.914516,96.927582@15.914516,,0.000,0.000000,96.927582,6659880.00
,70,70,1,60.055542,13.724,0.838710,,60.055542@13.723817,60.055542@13.723817,,0.000,0.000000,60.055542,6547420.00
,71,71,1,114.066010,7.454,0.835979,,114.066010@7.453683,114.066010@7.453683,,0.000,0.000000,114.066010,6199887.50
,72,72,1,114.066032,12.896,0.828842,,114.066032@12.895650,114.066032@12.895650,,0.000,0.000000,114.066032,1142846.62
,73,73,1,64.015678,16.089,0.705998,,64.015678@16.088583,64.015678@16.088583,,0.000,0.000000,64.015678,5576085.50
,74,74,1,84.044289,13.172,0.831245,,84.044289@13.171650,84.044289@13.171650,,0.000,0.000000,84.044289,4570863.50
,75,75,1,60.042782,18.992,0.542867,,60.042782@18.992334,60.042782@18.992334,,0.000,0.000000,60.042782,2395043.75
,76,76,1,105.073814,13.365,0.835436,,105.073814@13.364917,105.073814@13.364917,,0.000,0.000000,105.073814,2512126.25
,77,77,1,78.955536,16.020,0.666399,,78.955536@16.020050,78.955536@16.020050,,0.000,0.000000,78.955536,2591463.75
,78,78,1,83.085442,9.581,0.830541,,83.085442@9.581467,83.085442@9.581467,,0.000,0.000000,83.085442,2195588.75
,79,79,1,86.096329,9.958,0.657065,,86.096329@9.958401,86.096329@9.958401,,0.000,0.000000,86.096329,1994056.00
,80,80,1,86.096329,9.036,0.590011,,86.096329@9.035884,86.096329@9.035884,,0.000,0.000000,86.096329,1183443.00
,81,81,1,86.096321,9.530,0.523052,,86.096321@9.529616,86.096321@9.529616,,0.000,0.000000,86.096321,902663.81
,82,82,1,101.115295,8.370,0.831267,,101.115295@8.369666,101.115295@8.369666,,0.000,0.000000,101.115295,1757274.62
,83,83,1,101.115303,9.581,0.819146,,101.115303@9.581467,101.115303@9.581467,,0.000,0.000000,101.115303,2116382.75
,84,84,1,104.110580,14.679,0.698675,,104.110580@14.679183,104.110580@14.679183,,0.000,0.000000,104.110580,3689380.00
,85,85,1,72.080673,10.823,0.687439,,72.080673@10.823383,72.080673@10.823383,,0.000,0.000000,72.080673,1794685.12
,86,86,1,72.080643,14.806,0.660196,,72.080643@14.806266,72.080643@14.806266,,0.000,0.000000,72.080643,1386125.38
,87,87,1,59.062061,13.034,0.681091,,59.062061@13.033751,59.062061@13.033751,,0.000,0.000000,59.062061,691095.81
,88,88,1,59.062050,13.565,0.606569,,59.062050@13.565351,59.062050@13.565351,,0.000,0.000000,59.062050,1540513.00
,89,89,1,83.060242,4.046,0.804145,,83.060242@4.046367,83.060242@4.046367,,0.000,0.000000,83.060242,1369233.00
,90,90,1,83.060257,4.298,0.773187,,83.060257@4.297783,83.060257@4.297783,,0.000,0.000000,83.060257,212300.95
,91,91,1,104.110580,14.679,0.700026,,104.110580@14.679183,104.110580@14.679183,,0.000,0.000000,104.110580,3518047.00
,92,92,1,87.043953,9.517,0.837155,,87.043953@9.516683,87.043953@9.516683,,0.000,0.000000,87.043953,1613490.38
,93,93,1,83.085426,8.370,0.831905,,83.085426@8.369666,83.085426@8.369666,,0.000,0.000000,83.085426,1681852.62
,94,94,1,73.075928,8.802,0.780117,,73.075928@8.801934,73.075928@8.801934,,0.000,0.000000,73.075928,1591320.00
,95,95,1,73.075958,10.167,0.643758,,73.075958@10.167316,73.075958@10.167316,,0.000,0.000000,73.075958,185280.95
,96,96,1,84.911125,16.167,0.849063,,84.911125@16.167500,84.911125@16.167500,,0.000,0.000000,84.911125,1704439.00
,97,97,1,69.044609,4.167,0.810161,,69.044609@4.167117,69.044609@4.167117,,0.000,0.000000,69.044609,1590908.62
,98,98,1,58.065105,12.459,0.842091,,58.065105@12.459451,58.065105@12.459451,,0.000,0.000000,58.065105,1352056.88
,99,99,1,58.065159,11.935,0.835725,,58.065159@11.935383,58.065159@11.935383,,0.000,0.000000,58.065159,60962.27
,100,100,1,58.065121,13.352,0.808544,,58.065121@13.352367,58.065121@13.352367,,0.000,0.000000,58.065121,51345.36
,101,101,1,58.065125,13.071,0.761370,,58.065125@13.071267,58.065125@13.071267,,0.000,0.000000,58.065125,44829.27
,102,102,1,104.102577,14.707,0.709154,,104.102577@14.706934,104.102577@14.706934,,0.000,0.000000,104.102577,4304090.00
,103,103,1,59.058735,8.123,0.694501,,59.058735@8.123266,59.058735@8.123266,,0.000,0.000000,59.058735,1206305.62
,104,104,1,60.042831,18.992,0.673615,,60.042831@18.992334,60.042831@18.992334,,0.000,0.000000,60.042831,1596179.88
,105,105,1,109.100983,2.611,0.814158,,109.100983@2.610633,109.100983@2.610633,,0.000,0.000000,109.100983,1233849.00
,106,106,1,70.065018,11.750,0.724457,,70.065018@11.749850,70.065018@11.749850,,0.000,0.000000,70.065018,1199552.75
,107,107,1,97.064644,2.781,0.812766,,97.064644@2.780533,97.064644@2.780533,,0.000,0.000000,97.064644,1205783.00
,108,108,1,62.059925,14.749,0.764844,,62.059925@14.749100,62.059925@14.749100,,0.000,0.000000,62.059925,1172777.50
,109,109,1,104.070427,4.019,0.823714,,104.070427@4.019450,104.070427@4.019450,,0.000,0.000000,104.070427,1064337.62
,110,110,1,76.039192,13.159,0.829991,,76.039192@13.158967,76.039192@13.158967,,0.000,0.000000,76.039192,1206378.62
,111,111,1,105.103920,14.611,0.759288,,105.103920@14.610999,105.103920@14.610999,,0.000,0.000000,105.103920,1130730.88
,112,112,1,59.058300,7.793,0.636655,,59.058300@7.792650,59.058300@7.792650,,0.000,0.000000,59.058300,737522.25
,113,113,1,102.123306,8.706,0.765369,,102.123306@8.705750,102.123306@8.705750,,0.000,0.000000,102.123306,987928.31
,114,114,1,117.065674,12.350,0.831301,,117.065674@12.350117,117.065674@12.350117,,0.000,0.000000,117.065674,1029258.81
,115,115,1,113.034378,4.944,0.787587,,113.034378@4.944467,113.034378@4.944467,,0.000,0.000000,113.034378,1086490.00
,116,116,1,69.033401,13.365,0.836937,,69.033401@13.364917,69.033401@13.364917,,0.000,0.000000,69.033401,968481.81
,117,117,1,102.054817,13.096,0.791451,,102.054817@13.096300,102.054817@13.096300,,0.000,0.000000,102.054817,1023694.69
,118,118,1,85.028313,11.241,0.855020,,85.028313@11.240816,85.028313@11.240816,,0.000,0.000000,85.028313,1056455.00
,119,119,1,108.011246,10.625,0.799858,,108.011246@10.625350,108.011246@10.625350,,0.000,0.000000,108.011246,1006398.75
,120,120,1,110.026871,12.705,0.841769,,110.026871@12.704550,110.026871@12.704550,,0.000,0.000000,110.026871,1003128.00
,121,121,1,106.049728,13.289,0.828826,,106.049728@13.288716,106.049728@13.288716,,0.000,0.000000,106.049728,908890.56
,122,122,1,100.075539,2.820,0.798472,,100.075539@2.820217,100.075539@2.820217,,0.000,0.000000,100.075539,758684.00
,123,123,1,114.127571,8.491,0.773555,,114.127571@8.491183,114.127571@8.491183,,0.000,0.000000,114.127571,906567.44
,124,124,1,62.042877,5.885,0.812885,,62.042877@5.884783,62.042877@5.884783,,0.000,0.000000,62.042877,895657.81
,125,125,1,79.989586,15.927,0.798526,,79.989586@15.927200,79.989586@15.927200,,0.000,0.000000,79.989586,922499.56
,126,126,1,109.028252,13.697,0.853805,,109.028252@13.696583,109.028252@13.696583,,0.000,0.000000,109.028252,896541.31
,127,127,1,77.078934,12.443,0.855001,,77.078934@12.443366,77.078934@12.443366,,0.000,0.000000,77.078934,770832.56
,128,128,1,91.094582,14.792,0.688974,,91.094582@14.791883,91.094582@14.791883,,0.000,0.000000,91.094582,690394.94
,129,129,1,102.131866,8.733,0.774981,,102.131866@8.732767,102.131866@8.732767,,0.000,0.000000,102.131866,765535.00
,130,130,1,58.065311,14.611,0.775966,,58.065311@14.610999,58.065311@14.610999,,0.000,0.000000,58.065311,600582.06
,131,131,1,86.908508,16.182,0.854976,,86.908508@16.182150,86.908508@16.182150,,0.000,0.000000,86.908508,686610.88
,132,132,1,106.111046,14.665,0.800212,,106.111046@14.665401,106.111046@14.665401,,0.000,0.000000,106.111046,662717.94
,133,133,1,88.047295,13.365,0.837728,,88.047295@13.364917,88.047295@13.364917,,0.000,0.000000,88.047295,615454.06
,134,134,1,60.080666,14.652,0.678511,,60.080666@14.651684,60.080666@14.651684,,0.000,0.000000,60.080666,501729.22
,135,135,1,60.080746,13.059,0.519795,,60.080746@13.058766,60.080746@13.058766,,0.000,0.000000,60.080746,290373.72
,136,136,1,115.075150,2.781,0.828810,,115.075150@2.780533,115.075150@2.780533,,0.000,0.000000,115.075150,592853.25
,137,137,1,105.112747,14.679,0.775965,,105.112747@14.679183,105.112747@14.679183,,0.000,0.000000,105.112747,528965.06
,138,138,1,87.063263,13.365,0.836776,,87.063263@13.364917,87.063263@13.364917,,0.000,0.000000,87.063263,551536.44
,139,139,1,110.071121,13.930,0.836645,,110.071121@13.929616,110.071121@13.929616,,0.000,0.000000,110.071121,554383.44
,140,140,1,74.059921,6.055,0.662883,,74.059921@6.055450,74.059921@6.055450,,0.000,0.000000,74.059921,335094.16
,141,141,1,59.058544,18.734,0.572869,,59.058544@18.734167,59.058544@18.734167,,0.000,0.000000,59.058544,520456.84
,142,142,1,112.086746,18.579,0.774956,,112.086746@18.579000,112.086746@18.579000,,0.000,0.000000,112.086746,457014.34
,143,143,1,105.112747,14.679,0.750407,,105.112747@14.679183,105.112747@14.679183,,0.000,0.000000,105.112747,485111.41
,144,144,1,113.059502,2.767,0.812716,,113.059502@2.767383,113.059502@2.767383,,0.000,0.000000,113.059502,449333.91
,145,145,1,102.091232,13.084,0.807648,,102.091232@13.083783,102.091232@13.083783,,0.000,0.000000,102.091232,425343.03
,146,146,1,101.070808,13.184,0.758901,,101.070808@13.184417,101.070808@13.184417,,0.000,0.000000,101.070808,434323.38
,147,147,1,60.068233,18.924,0.824863,,60.068233@18.923500,60.068233@18.923500,,0.000,0.000000,60.068233,49033.32
,148,148,1,60.068340,16.885,0.790724,,60.068340@16.885500,60.068340@16.885500,,0.000,0.000000,60.068340,36460.29
,149,149,1,60.068119,19.748,0.698120,,60.068119@19.747999,60.068119@19.747999,,0.000,0.000000,60.068119,145626.48
,150,150,1,60.068222,18.026,0.591176,,60.068222@18.025667,60.068222@18.025667,,0.000,0.000000,60.068222,51512.16
,151,151,1,103.124702,8.719,0.853758,,103.124702@8.719300,103.124702@8.719300,,0.000,0.000000,103.124702,440405.59
,152,152,1,59.058838,18.992,0.780267,,59.058838@18.992334,59.058838@18.992334,,0.000,0.000000,59.058838,1233388.88
,153,153,1,59.058491,19.215,0.663974,,59.058491@19.215168,59.058491@19.215168,,0.000,0.000000,59.058491,431416.34
,154,154,1,82.026215,16.089,0.788210,,82.026215@16.088583,82.026215@16.088583,,0.000,0.000000,82.026215,435961.28
,155,155,1,58.065296,8.719,0.853427,,58.065296@8.719300,58.065296@8.719300,,0.000,0.000000,58.065296,400579.84
,156,156,1,85.075882,3.924,0.785474,,85.075882@3.924467,85.075882@3.924467,,0.000,0.000000,85.075882,391327.25
,157,157,1,100.075562,13.172,0.781626,,100.075562@13.171650,100.075562@13.171650,,0.000,0.000000,100.075562,383890.97
,158,158,1,87.091545,8.592,0.659463,,87.091545@8.592283,87.091545@8.592283,,0.000,0.000000,87.091545,285724.47
,159,159,1,107.085350,2.584,0.799867,,107.085350@2.584466,107.085350@2.584466,,0.000,0.000000,107.085350,390700.00
,160,160,1,91.054077,2.584,0.799012,,91.054077@2.584466,91.054077@2.584466,,0.000,0.000000,91.054077,384371.66
,161,161,1,91.058174,13.223,0.835299,,91.058174@13.223149,91.058174@13.223149,,0.000,0.000000,91.058174,74589.75
,162,162,1,91.058197,12.782,0.762272,,91.058197@12.782233,91.058197@12.782233,,0.000,0.000000,91.058197,363573.97
,163,163,1,106.113503,14.665,0.777013,,106.113503@14.665401,106.113503@14.665401,,0.000,0.000000,106.113503,352902.66
,164,164,1,114.091133,5.521,0.533016,,114.091133@5.520967,114.091133@5.520967,,0.000,0.000000,114.091133,103799.12
,165,165,1,59.061951,2.987,0.747202,,59.061951@2.986800,59.061951@2.986800,,0.000,0.000000,59.061951,395560.75
,166,166,1,102.123009,8.719,0.731036,,102.123009@8.719300,102.123009@8.719300,,0.000,0.000000,102.123009,829477.19
,167,167,1,102.054779,4.046,0.813958,,102.054779@4.046367,102.054779@4.046367,,0.000,0.000000,102.054779,276728.22
,168,168,1,102.054764,3.871,0.665601,,102.054764@3.870583,102.054764@3.870583,,0.000,0.000000,102.054764,159375.83
,169,169,1,101.107353,8.294,0.624737,,101.107353@8.294217,101.107353@8.294217,,0.000,0.000000,101.107353,285203.72
,170,170,1,103.038864,13.059,0.830172,,103.038864@13.058766,103.038864@13.058766,,0.000,0.000000,103.038864,328516.53
,171,171,1,85.047638,13.172,0.794543,,85.047638@13.171650,85.047638@13.171650,,0.000,0.000000,85.047638,331370.38
,172,172,1,102.131393,8.788,0.768779,,102.131393@8.787733,102.131393@8.787733,,0.000,0.000000,102.131393,1030869.81
,173,173,1,94.933311,15.940,0.852902,,94.933311@15.939883,94.933311@15.939883,,0.000,0.000000,94.933311,279411.22
,174,174,1,59.058437,19.525,0.676168,,59.058437@19.524834,59.058437@19.524834,,0.000,0.000000,59.058437,354064.47
,175,175,1,104.074448,13.352,0.852222,,104.074448@13.352367,104.074448@13.352367,,0.000,0.000000,104.074448,310644.34
,176,176,1,62.036533,5.898,0.853429,,62.036533@5.897850,62.036533@5.897850,,0.000,0.000000,62.036533,312142.69
,177,177,1,98.984039,13.778,0.769976,,98.984039@13.777717,98.984039@13.777717,,0.000,0.000000,98.984039,269633.97
,178,178,1,98.984039,13.453,0.565368,,98.984039@13.452801,98.984039@13.452801,,0.000,0.000000,98.984039,289488.16
,179,179,1,104.094429,15.252,0.561544,,104.094429@15.251600,104.094429@15.251600,,0.000,0.000000,104.094429,32814.80
,180,180,1,101.059593,13.553,0.853822,,101.059593@13.552800,101.059593@13.552800,,0.000,0.000000,101.059593,285059.38
,181,181,1,56.049377,3.076,0.599644,,56.049377@3.075517,56.049377@3.075517,,0.000,0.000000,56.049377,217511.42
,182,182,1,61.037575,5.964,0.518287,,61.037575@5.963600,61.037575@5.963600,,0.000,0.000000,61.037575,406849.34
,183,183,1,94.925316,15.915,0.853396,,94.925316@15.914516,94.925316@15.914516,,0.000,0.000000,94.925316,299822.53
,184,184,1,106.086136,11.625,0.773879,,106.086136@11.625083,106.086136@11.625083,,0.000,0.000000,106.086136,315915.28
,185,185,1,101.059540,2.781,0.809195,,101.059540@2.780533,101.059540@2.780533,,0.000,0.000000,101.059540,289457.41
,186,186,1,59.055717,9.690,0.595746,,59.055717@9.690134,59.055717@9.690134,,0.000,0.000000,59.055717,176573.81
,187,187,1,94.932983,15.940,0.852841,,94.932983@15.939883,94.932983@15.939883,,0.000,0.000000,94.932983,279411.22
,188,188,1,98.925697,15.927,0.853084,,98.925697@15.927200,98.925697@15.927200,,0.000,0.000000,98.925697,254424.69
,189,189,1,59.063919,9.648,0.622951,,59.063919@9.647666,59.063919@9.647666,,0.000,0.000000,59.063919,318867.41
,190,190,1,112.895538,15.915,0.853190,,112.895538@15.914516,112.895538@15.914516,,0.000,0.000000,112.895538,249334.05
,191,191,1,104.134308,8.733,0.853254,,104.134308@8.732767,104.134308@8.732767,,0.000,0.000000,104.134308,266117.66
,192,192,1,59.055939,12.753,0.673472,,59.055939@12.753316,59.055939@12.753316,,0.000,0.000000,59.055939,141134.52
,193,193,1,112.050331,8.975,0.852613,,112.050331@8.975183,112.050331@8.975183,,0.000,0.000000,112.050331,251980.50
,194,194,1,55.054188,9.594,0.852934,,55.054188@9.594500,55.054188@9.594500,,0.000,0.000000,55.054188,245358.83
,195,195,1,60.038254,19.905,0.671629,,60.038254@19.904667,60.038254@19.904667,,0.000,0.000000,60.038254,159027.16
,196,196,1,104.074982,13.365,0.853303,,104.074982@13.364917,104.074982@13.364917,,0.000,0.000000,104.074982,267874.50
,197,197,1,102.102463,9.362,0.850069,,102.102463@9.361550,102.102463@9.361550,,0.000,0.000000,102.102463,230801.17
,198,198,1,104.117348,14.638,0.619071,,104.117348@14.638050,104.117348@14.638050,,0.000,0.000000,104.117348,184154.31
,199,199,1,59.076603,8.324,0.566946,,59.076603@8.324483,59.076603@8.324483,,0.000,0.000000,59.076603,42080.54
,200,200,1,59.058178,13.490,0.607489,,59.058178@13.490200,59.058178@13.490200,,0.000,0.000000,59.058178,838411.44
,201,201,1,100.107605,9.581,0.849453,,100.107605@9.581467,100.107605@9.581467,,0.000,0.000000,100.107605,208135.02
,202,202,1,59.061577,4.903,0.666696,,59.061577@4.902750,59.061577@4.902750,,0.000,0.000000,59.061577,441644.62
,203,203,1,88.039185,13.262,0.853348,,88.039185@13.262417,88.039185@13.262417,,0.000,0.000000,88.039185,230663.00
,204,204,1,81.069733,2.479,0.642550,,81.069733@2.479400,81.069733@2.479400,,0.000,0.000000,81.069733,216530.30
,205,205,1,60.050488,19.905,0.775931,,60.050488@19.904667,60.050488@19.904667,,0.000,0.000000,60.050488,225145.48
,206,206,1,60.050480,19.387,0.609337,,60.050480@19.387333,60.050480@19.387333,,0.000,0.000000,60.050480,137103.19
,207,207,1,99.080284,2.637,0.769636,,99.080284@2.636750,99.080284@2.636750,,0.000,0.000000,99.080284,209904.02
,208,208,1,59.073933,9.843,0.840070,,59.073933@9.843249,59.073933@9.843249,,0.000,0.000000,59.073933,94080.35
,209,209,1,59.073853,10.309,0.819738,,59.073853@10.308634,59.073853@10.308634,,0.000,0.000000,59.073853,78047.15
,210,210,1,59.073986,9.414,0.810649,,59.073986@9.413683,59.073986@9.413683,,0.000,0.000000,59.073986,64568.01
,211,211,1,59.073650,8.830,0.798859,,59.073650@8.830466,59.073650@8.830466,,0.000,0.000000,59.073650,73397.52
,212,212,1,80.953644,16.034,0.852543,,80.953644@16.034451,80.953644@16.034451,,0.000,0.000000,80.953644,211046.38
,213,213,1,103.133835,8.733,0.852383,,103.133835@8.732767,103.133835@8.732767,,0.000,0.000000,103.133835,166173.98
,214,214,1,115.069359,7.454,0.851399,,115.069359@7.453683,115.069359@7.453683,,0.000,0.000000,115.069359,226080.12
,215,215,1,97.075890,6.016,0.513816,,97.075890@6.016117,97.075890@6.016117,,0.000,0.000000,97.075890,135743.92
,216,216,1,55.054180,8.400,0.852220,,55.054180@8.400117,55.054180@8.400117,,0.000,0.000000,55.054180,198833.23
,217,217,1,104.133949,14.584,0.849392,,104.133949@14.584117,104.133949@14.584117,,0.000,0.000000,104.133949,166399.47
,218,218,1,100.107590,8.355,0.816485,,100.107590@8.354583,100.107590@8.354583,,0.000,0.000000,100.107590,130246.48
,219,219,1,104.065933,13.377,0.852434,,104.065933@13.377467,104.065933@13.377467,,0.000,0.000000,104.065933,185040.36
,220,220,1,104.133949,14.584,0.849270,,104.133949@14.584117,104.133949@14.584117,,0.000,0.000000,104.133949,166399.47
,221,221,1,105.995468,16.102,0.837263,,105.995468@16.101534,105.995468@16.101534,,0.000,0.000000,105.995468,212574.25
,222,222,1,60.036903,19.887,0.606277,,60.036903@19.887167,60.036903@19.887167,,0.000,0.000000,60.036903,148895.06
,223,223,1,60.036968,19.593,0.529921,,60.036968@19.593332,60.036968@19.593332,,0.000,0.000000,60.036968,70739.04
,224,224,1,59.055504,10.500,0.569234,,59.055504@10.499734,59.055504@10.499734,,0.000,0.000000,59.055504,208299.33
,225,225,1,116.010551,13.892,0.641628,,116.010551@13.891567,116.010551@13.891567,,0.000,0.000000,116.010551,145029.42
,226,226,1,59.083439,10.209,0.530230,,59.083439@10.208967,59.083439@10.208967,,0.000,0.000000,59.083439,120976.24
,227,227,1,68.049377,13.352,0.827986,,68.049377@13.352367,68.049377@13.352367,,0.000,0.000000,68.049377,201912.00
,228,228,1,60.020164,19.835,0.639764,,60.020164@19.834665,60.020164@19.834665,,0.000,0.000000,60.020164,65091.59
,229,229,1,59.055939,12.753,0.717526,,59.055939@12.753316,59.055939@12.753316,,0.000,0.000000,59.055939,141134.52
,230,230,1,60.068119,19.748,0.705449,,60.068119@19.747999,60.068119@19.747999,,0.000,0.000000,60.068119,119220.91
,231,231,1,103.050079,12.705,0.852437,,103.050079@12.704550,103.050079@12.704550,,0.000,0.000000,103.050079,157617.98
,232,232,1,105.069687,2.611,0.769997,,105.069687@2.610633,105.069687@2.610633,,0.000,0.000000,105.069687,180515.14
,233,233,1,104.051590,14.693,0.845895,,104.051590@14.693000,104.051590@14.693000,,0.000,0.000000,104.051590,117928.56
,234,234,1,59.072956,10.323,0.667998,,59.072956@10.322984,59.072956@10.322984,,0.000,0.000000,59.072956,125450.60
,235,235,1,97.039474,4.060,0.821934,,97.039474@4.059700,97.039474@4.059700,,0.000,0.000000,97.039474,126003.94
,236,236,1,60.046169,9.212,0.679690,,60.046169@9.212184,60.046169@9.212184,,0.000,0.000000,60.046169,125574.98
,237,237,1,104.123924,14.531,0.763540,,104.123924@14.530984,104.123924@14.530984,,0.000,0.000000,104.123924,60669.84
,238,238,1,74.099014,8.946,0.852343,,74.099014@8.945817,74.099014@8.945817,,0.000,0.000000,74.099014,154024.27
,239,239,1,114.127594,9.761,0.851723,,114.127594@9.760817,114.127594@9.760817,,0.000,0.000000,114.127594,180103.23
,240,240,1,60.037746,19.905,0.721467,,60.037746@19.904667,60.037746@19.904667,,0.000,0.000000,60.037746,159027.16
,241,241,1,85.028297,13.096,0.851726,,85.028297@13.096300,85.028297@13.096300,,0.000,0.000000,85.028297,151707.67
,242,242,1,60.045403,7.043,0.643247,,60.045403@7.042684,60.045403@7.042684,,0.000,0.000000,60.045403,430940.47
,243,243,1,59.062862,14.806,0.605230,,59.062862@14.806266,59.062862@14.806266,,0.000,0.000000,59.062862,316351.38
,244,244,1,105.110222,11.461,0.852429,,105.110222@11.461184,105.110222@11.461184,,0.000,0.000000,105.110222,149496.45
,245,245,1,60.041107,16.705,0.537528,,60.041107@16.704832,60.041107@16.704832,,0.000,0.000000,60.041107,92834.06
,246,246,1,59.066185,11.953,0.674891,,59.066185@11.952749,59.066185@11.952749,,0.000,0.000000,59.066185,106934.81
,247,247,1,106.077156,13.377,0.851015,,106.077156@13.377467,106.077156@13.377467,,0.000,0.000000,106.077156,142173.92
,248,248,1,98.000153,15.927,0.851512,,98.000153@15.927200,98.000153@15.927200,,0.000,0.000000,98.000153,136767.77
,249,249,1,115.122795,8.123,0.695761,,115.122795@8.123266,115.122795@8.123266,,0.000,0.000000,115.122795,139001.58
,250,250,1,84.080635,17.543,0.599971,,84.080635@17.542999,84.080635@17.542999,,0.000,0.000000,84.080635,103080.90
,251,251,1,106.074707,13.365,0.850373,,106.074707@13.364917,106.074707@13.364917,,0.000,0.000000,106.074707,138721.12
,252,252,1,65.019035,16.127,0.851940,,65.019035@16.127399,65.019035@16.127399,,0.000,0.000000,65.019035,147190.23
,253,253,1,107.048996,9.307,0.851943,,107.048996@9.306733,107.048996@9.306733,,0.000,0.000000,107.048996,116588.72
,254,254,1,76.072609,12.459,0.840658,,76.072609@12.459451,76.072609@12.459451,,0.000,0.000000,76.072609,69778.12
,255,255,1,59.036831,9.704,0.698885,,59.036831@9.704433,59.036831@9.704433,,0.000,0.000000,59.036831,77158.76
,256,256,1,60.049534,19.905,0.671816,,60.049534@19.904667,60.049534@19.904667,,0.000,0.000000,60.049534,149157.23
,257,257,1,105.067627,13.365,0.851228,,105.067627@13.364917,105.067627@13.364917,,0.000,0.000000,105.067627,147404.47
,258,258,1,104.161865,14.821,0.816399,,104.161865@14.820734,104.161865@14.820734,,0.000,0.000000,104.161865,88948.88
,259,259,1,59.077229,10.366,0.845329,,59.077229@10.366366,59.077229@10.366366,,0.000,0.000000,59.077229,92043.62
,260,260,1,59.077564,8.960,0.837623,,59.077564@8.960450,59.077564@8.960450,,0.000,0.000000,59.077564,75425.07
,261,261,1,59.077492,9.555,0.812105,,59.077492@9.555483,59.077492@9.555483,,0.000,0.000000,59.077492,78952.90
,262,262,1,59.077805,9.869,0.532913,,59.077805@9.869300,59.077805@9.869300,,0.000,0.000000,59.077805,44306.48
,263,263,1,112.050369,7.996,0.851310,,112.050369@7.995800,112.050369@7.995800,,0.000,0.000000,112.050369,131581.30
,264,264,1,84.088776,9.581,0.851253,,84.088776@9.581467,84.088776@9.581467,,0.000,0.000000,84.088776,123207.84
,265,265,1,101.108322,9.594,0.851355,,101.108322@9.594500,101.108322@9.594500,,0.000,0.000000,101.108322,123270.97
,266,266,1,101.107178,9.388,0.839458,,101.107178@9.387733,101.107178@9.387733,,0.000,0.000000,101.107178,63741.17
,267,267,1,59.072720,10.323,0.582806,,59.072720@10.322984,59.072720@10.322984,,0.000,0.000000,59.072720,119392.32
,268,268,1,72.044327,13.210,0.851939,,72.044327@13.210184,72.044327@13.210184,,0.000,0.000000,72.044327,110485.10
,269,269,1,76.075584,16.578,0.692711,,76.075584@16.578182,76.075584@16.578182,,0.000,0.000000,76.075584,89660.76
,270,270,1,104.087372,14.557,0.841577,,104.087372@14.557450,104.087372@14.557450,,0.000,0.000000,104.087372,115001.65
,271,271,1,104.087624,14.806,0.554359,,104.087624@14.806266,104.087624@14.806266,,0.000,0.000000,104.087624,92336.71
,272,272,1,59.053329,11.790,0.649878,,59.053329@11.789816,59.053329@11.789816,,0.000,0.000000,59.053329,97508.46
,273,273,1,59.053577,11.566,0.659310,,59.053577@11.566417,59.053577@11.566417,,0.000,0.000000,59.053577,66913.45
,274,274,1,59.052597,8.917,0.617794,,59.052597@8.916651,59.052597@8.916651,,0.000,0.000000,59.052597,81453.45
,275,275,1,59.050964,9.276,0.648519,,59.050964@9.276183,59.050964@9.276183,,0.000,0.000000,59.050964,59653.96
,276,276,1,104.087624,14.806,0.555558,,104.087624@14.806266,104.087624@14.806266,,0.000,0.000000,104.087624,92336.71
,277,277,1,59.068634,7.793,0.550358,,59.068634@7.792650,59.068634@7.792650,,0.000,0.000000,59.068634,62975.47
,278,278,1,59.068111,8.506,0.546213,,59.068111@8.505900,59.068111@8.505900,,0.000,0.000000,59.068111,48365.82
,279,279,1,96.044220,4.060,0.811453,,96.044220@4.059700,96.044220@4.059700,,0.000,0.000000,96.044220,97265.63
,280,280,1,86.059898,15.765,0.701512,,86.059898@15.765217,86.059898@15.765217,,0.000,0.000000,86.059898,121321.49
,281,281,1,116.081657,16.263,0.851695,,116.081657@16.262934,116.081657@16.262934,,0.000,0.000000,116.081657,118290.54
,282,282,1,59.065697,11.566,0.541767,,59.065697@11.566417,59.065697@11.566417,,0.000,0.000000,59.065697,72450.41
,283,283,1,81.033371,13.683,0.852115,,81.033371@13.682883,81.033371@13.682883,,0.000,0.000000,81.033371,113301.04
,284,284,1,75.055161,4.259,0.589801,,75.055161@4.259000,75.055161@4.259000,,0.000,0.000000,75.055161,104308.90
,285,285,1,108.080597,2.820,0.815868,,108.080597@2.820217,108.080597@2.820217,,0.000,0.000000,108.080597,97361.23
,286,286,1,55.054188,10.837,0.740640,,55.054188@10.836884,55.054188@10.836884,,0.000,0.000000,55.054188,100698.94
,287,287,1,75.043938,3.038,0.735486,,75.043938@3.037517,75.043938@3.037517,,0.000,0.000000,75.043938,100915.59
,288,288,1,59.043613,9.530,0.843973,,59.043613@9.529616,59.043613@9.529616,,0.000,0.000000,59.043613,66608.06
,289,289,1,59.043510,10.251,0.826074,,59.043510@10.251316,59.043510@10.251316,,0.000,0.000000,59.043510,83059.54
,290,290,1,59.043354,9.761,0.577053,,59.043354@9.760817,59.043354@9.760817,,0.000,0.000000,59.043354,68775.80
,291,291,1,90.094528,14.835,0.845724,,90.094528@14.835184,90.094528@14.835184,,0.000,0.000000,90.094528,119797.16
,292,292,1,71.060249,4.046,0.755940,,71.060249@4.046367,71.060249@4.046367,,0.000,0.000000,71.060249,88166.70
,293,293,1,115.086441,12.737,0.563450,,115.086441@12.737033,115.086441@12.737033,,0.000,0.000000,115.086441,78135.06
,294,294,1,110.059891,4.046,0.804570,,110.059891@4.046367,110.059891@4.046367,,0.000,0.000000,110.059891,92429.23
,295,295,1,59.057446,17.492,0.749372,,59.057446@17.492001,59.057446@17.492001,,0.000,0.000000,59.057446,465264.91
,296,296,1,104.123825,14.531,0.759905,,104.123825@14.530984,104.123825@14.530984,,0.000,0.000000,104.123825,60669.84
,297,297,1,59.071354,12.335,0.538486,,59.071354@12.335051,59.071354@12.335051,,0.000,0.000000,59.071354,40175.02
,298,298,1,59.054142,9.704,0.709760,,59.054142@9.704433,59.054142@9.704433,,0.000,0.000000,59.054142,115273.51
,299,299,1,59.036518,9.971,0.847541,,59.036518@9.971017,59.036518@9.971017,,0.000,0.000000,59.036518,183949.11
,300,300,1,59.036533,9.704,0.808883,,59.036533@9.704433,59.036533@9.704433,,0.000,0.000000,59.036533,105964.82
,301,301,1,87.099670,9.958,0.846447,,87.099670@9.958401,87.099670@9.958401,,0.000,0.000000,87.099670,109620.40
,302,302,1,87.099670,9.543,0.817682,,87.099670@9.542533,87.099670@9.542533,,0.000,0.000000,87.099670,52992.36
,303,303,1,87.099709,9.005,0.805285,,87.099709@9.005133,87.099709@9.005133,,0.000,0.000000,87.099709,72509.04
,304,304,1,60.045811,14.375,0.793257,,60.045811@14.374900,60.045811@14.374900,,0.000,0.000000,60.045811,244651.42
,305,305,1,84.088745,8.385,0.850745,,84.088745@8.384916,84.088745@8.384916,,0.000,0.000000,84.088745,108270.20
,306,306,1,73.064682,2.767,0.786210,,73.064682@2.767383,73.064682@2.767383,,0.000,0.000000,73.064682,105704.43
,307,307,1,59.071106,10.538,0.524552,,59.071106@10.537800,59.071106@10.537800,,0.000,0.000000,59.071106,98479.27
,308,308,1,59.066357,9.704,0.665164,,59.066357@9.704433,59.066357@9.704433,,0.000,0.000000,59.066357,151958.64
,309,309,1,59.049892,12.412,0.597586,,59.049892@12.411600,59.049892@12.411600,,0.000,0.000000,59.049892,52540.86
,310,310,1,104.008148,16.102,0.851754,,104.008148@16.101534,104.008148@16.101534,,0.000,0.000000,104.008148,109508.22
,311,311,1,81.987679,15.889,0.851461,,81.987679@15.889100,81.987679@15.889100,,0.000,0.000000,81.987679,91953.74
,312,312,1,81.030960,16.102,0.851676,,81.030960@16.101534,81.030960@16.101534,,0.000,0.000000,81.030960,103296.25
,313,313,1,80.049355,13.377,0.840681,,80.049355@13.377467,80.049355@13.377467,,0.000,0.000000,80.049355,89038.95
,314,314,1,97.028275,13.683,0.742549,,97.028275@13.682883,97.028275@13.682883,,0.000,0.000000,97.028275,88762.56
,315,315,1,74.023529,13.223,0.851604,,74.023529@13.223149,74.023529@13.223149,,0.000,0.000000,74.023529,110287.32
,316,316,1,59.049145,11.128,0.724096,,59.049145@11.128333,59.049145@11.128333,,0.000,0.000000,59.049145,74165.20
,317,317,1,59.049194,10.823,0.529606,,59.049194@10.823383,59.049194@10.823383,,0.000,0.000000,59.049194,62134.78
,318,318,1,60.032448,18.837,0.814158,,60.032448@18.837500,60.032448@18.837500,,0.000,0.000000,60.032448,50590.92
,319,319,1,60.032528,19.593,0.767746,,60.032528@19.593332,60.032528@19.593332,,0.000,0.000000,60.032528,93971.12
,320,320,1,60.032688,19.250,0.646498,,60.032688@19.249834,60.032688@19.249834,,0.000,0.000000,60.032688,69737.53
,321,321,1,85.075905,19.835,0.584551,,85.075905@19.834665,85.075905@19.834665,,0.000,0.000000,85.075905,54938.04
,322,322,1,85.028305,13.764,0.850729,,85.028305@13.764299,85.028305@13.764299,,0.000,0.000000,85.028305,98182.48
,323,323,1,63.043736,5.937,0.849261,,63.043736@5.937217,63.043736@5.937217,,0.000,0.000000,63.043736,99681.32
,324,324,1,73.075958,12.174,0.781506,,73.075958@12.174050,73.075958@12.174050,,0.000,0.000000,73.075958,55122.64
,325,325,1,61.060673,10.408,0.808631,,61.060673@10.408184,61.060673@10.408184,,0.000,0.000000,61.060673,64727.73
,326,326,1,61.060654,11.776,0.601002,,61.060654@11.776366,61.060654@11.776366,,0.000,0.000000,61.060654,62894.59
,327,327,1,60.045799,6.466,0.655000,,60.045799@6.465600,60.045799@6.465600,,0.000,0.000000,60.045799,66365.69
,328,328,1,115.050003,4.362,0.831531,,115.050003@4.362134,115.050003@4.362134,,0.000,0.000000,115.050003,103836.76
,329,329,1,98.071152,4.506,0.703833,,98.071152@4.506150,98.071152@4.506150,,0.000,0.000000,98.071152,83538.65
,330,330,1,110.104347,2.611,0.804406,,110.104347@2.610633,110.104347@2.610633,,0.000,0.000000,110.104347,99954.73
,331,331,1,113.034378,7.284,0.848191,,113.034378@7.283834,113.034378@7.283834,,0.000,0.000000,113.034378,102268.62
,332,332,1,73.084068,10.837,0.849246,,73.084068@10.836884,73.084068@10.836884,,0.000,0.000000,73.084068,81890.07
,333,333,1,104.090370,14.693,0.725749,,104.090370@14.693000,104.090370@14.693000,,0.000,0.000000,104.090370,114812.10
,334,334,1,61.058922,13.724,0.851334,,61.058922@13.723817,61.058922@13.723817,,0.000,0.000000,61.058922,90582.85
,335,335,1,99.091545,10.352,0.848346,,99.091545@10.351851,99.091545@10.351851,,0.000,0.000000,99.091545,88210.66
,336,336,1,60.030952,19.525,0.508855,,60.030952@19.524834,60.030952@19.524834,,0.000,0.000000,60.030952,71563.08
,337,337,1,59.043133,9.555,0.831254,,59.043133@9.555483,59.043133@9.555483,,0.000,0.000000,59.043133,79674.63
,338,338,1,59.043156,10.251,0.638173,,59.043156@10.251316,59.043156@10.251316,,0.000,0.000000,59.043156,84058.45
,339,339,1,59.042984,10.752,0.585053,,59.042984@10.751583,59.042984@10.751583,,0.000,0.000000,59.042984,49473.34
,340,340,1,59.043167,9.761,0.528065,,59.043167@9.760817,59.043167@9.760817,,0.000,0.000000,59.043167,68775.80
,341,341,1,100.114189,8.385,0.853017,,100.114189@8.384916,100.114189@8.384916,,0.000,0.000000,100.114189,304980.62
,342,342,1,60.041943,17.281,0.654238,,60.041943@17.280666,60.041943@17.280666,,0.000,0.000000,60.041943,287998.41
,343,343,1,74.098938,13.737,0.845506,,74.098938@13.737317,74.098938@13.737317,,0.000,0.000000,74.098938,87730.71
,344,344,1,74.098984,13.034,0.596194,,74.098984@13.033751,74.098984@13.033751,,0.000,0.000000,74.098984,53864.61
,345,345,1,112.094948,9.116,0.763222,,112.094948@9.115750,112.094948@9.115750,,0.000,0.000000,112.094948,38412.09
,346,346,1,59.072605,11.392,0.620690,,59.072605@11.391900,59.072605@11.391900,,0.000,0.000000,59.072605,60705.01
,347,347,1,59.073002,10.809,0.629420,,59.073002@10.809367,59.073002@10.809367,,0.000,0.000000,59.073002,34457.12
,348,348,1,104.120171,14.679,0.620596,,104.120171@14.679183,104.120171@14.679183,,0.000,0.000000,104.120171,108711.28
,349,349,1,59.055691,7.828,0.559055,,59.055691@7.827900,59.055691@7.827900,,0.000,0.000000,59.055691,87560.24
,350,350,1,115.050064,12.883,0.850513,,115.050064@12.883017,115.050064@12.883017,,0.000,0.000000,115.050064,88222.00
,351,351,1,94.925316,15.915,0.853198,,94.925316@15.914516,94.925316@15.914516,,0.000,0.000000,94.925316,299822.53
,352,352,1,102.118103,8.733,0.838711,,102.118103@8.732767,102.118103@8.732767,,0.000,0.000000,102.118103,80202.12
,353,353,1,77.072601,12.459,0.851283,,77.072601@12.459451,77.072601@12.459451,,0.000,0.000000,77.072601,88009.29
,354,354,1,59.076828,13.515,0.697222,,59.076828@13.515183,59.076828@13.515183,,0.000,0.000000,59.076828,34058.46
,355,355,1,108.055428,3.979,0.837944,,108.055428@3.978567,108.055428@3.978567,,0.000,0.000000,108.055428,85190.30
,356,356,1,100.107605,9.581,0.849453,,100.107605@9.581467,100.107605@9.581467,,0.000,0.000000,100.107605,208135.02
,357,357,1,86.050987,13.197,0.850489,,86.050987@13.197300,86.050987@13.197300,,0.000,0.000000,86.050987,93316.38
,358,358,1,104.069130,14.571,0.757078,,104.069130@14.570766,104.069130@14.570766,,0.000,0.000000,104.069130,46565.12
,359,359,1,101.070793,5.977,0.575022,,101.070793@5.976750,101.070793@5.976750,,0.000,0.000000,101.070793,46411.59
,360,360,1,100.039169,4.046,0.798817,,100.039169@4.046367,100.039169@4.046367,,0.000,0.000000,100.039169,67829.30
,361,361,1,100.039146,3.830,0.666759,,100.039146@3.830100,100.039146@3.830100,,0.000,0.000000,100.039146,23558.67
,362,362,1,59.072884,13.578,0.520148,,59.072884@13.577900,59.072884@13.577900,,0.000,0.000000,59.072884,59351.55
,363,363,1,59.042122,8.975,0.841020,,59.042122@8.975183,59.042122@8.975183,,0.000,0.000000,59.042122,68884.20
,364,364,1,59.042042,8.719,0.823020,,59.042042@8.719300,59.042042@8.719300,,0.000,0.000000,59.042042,61717.14
,365,365,1,98.984001,19.713,0.528607,,98.984001@19.713335,98.984001@19.713335,,0.000,0.000000,98.984001,43716.75
,366,366,1,59.047138,10.251,0.539401,,59.047138@10.251316,59.047138@10.251316,,0.000,0.000000,59.047138,65787.03
,367,367,1,61.066978,10.461,0.828392,,61.066978@10.461134,61.066978@10.461134,,0.000,0.000000,61.066978,94918.62
,368,368,1,61.066975,9.908,0.677767,,61.066975@9.907733,61.066975@9.907733,,0.000,0.000000,61.066975,51966.64
,369,369,1,59.076996,10.366,0.848260,,59.076996@10.366366,59.076996@10.366366,,0.000,0.000000,59.076996,92043.62
,370,370,1,92.016342,12.705,0.849313,,92.016342@12.704550,92.016342@12.704550,,0.000,0.000000,92.016342,73213.76
,371,371,1,59.057289,19.456,0.717066,,59.057289@19.456167,59.057289@19.456167,,0.000,0.000000,59.057289,95228.69
,372,372,1,59.041225,9.843,0.779281,,59.041225@9.843249,59.041225@9.843249,,0.000,0.000000,59.041225,56988.69
,373,373,1,59.041161,9.427,0.722274,,59.041161@9.426583,59.041161@9.426583,,0.000,0.000000,59.041161,41543.93
,374,374,1,108.011192,9.452,0.850623,,108.011192@9.452383,108.011192@9.452383,,0.000,0.000000,108.011192,81492.02
,375,375,1,59.046719,13.515,0.840427,,59.046719@13.515183,59.046719@13.515183,,0.000,0.000000,59.046719,57234.95
,376,376,1,106.107079,14.707,0.833813,,106.107079@14.706934,106.107079@14.706934,,0.000,0.000000,106.107079,76520.05
,377,377,1,87.055214,12.870,0.849929,,87.055214@12.870417,87.055214@12.870417,,0.000,0.000000,87.055214,84457.04
,378,378,1,87.055214,13.197,0.557434,,87.055214@13.197300,87.055214@13.197300,,0.000,0.000000,87.055214,54439.18
,379,379,1,96.933716,15.915,0.851257,,96.933716@15.914516,96.933716@15.914516,,0.000,0.000000,96.933716,83125.91
,380,380,1,60.026138,19.645,0.836953,,60.026138@19.644501,60.026138@19.644501,,0.000,0.000000,60.026138,78946.65
,381,381,1,104.081284,14.531,0.834900,,104.081284@14.530984,104.081284@14.530984,,0.000,0.000000,104.081284,69477.70
,382,382,1,104.081299,14.679,0.832093,,104.081299@14.679183,104.081299@14.679183,,0.000,0.000000,104.081299,66513.55
,383,383,1,76.078293,12.476,0.852283,,76.078293@12.475699,76.078293@12.475699,,0.000,0.000000,76.078293,180479.69
,384,384,1,61.036831,5.885,0.853347,,61.036831@5.884783,61.036831@5.884783,,0.000,0.000000,61.036831,264717.84
,385,385,1,88.047302,9.504,0.847792,,88.047302@9.503800,88.047302@9.503800,,0.000,0.000000,88.047302,78945.35
,386,386,1,59.073616,9.843,0.846247,,59.073616@9.843249,59.073616@9.843249,,0.000,0.000000,59.073616,94080.35
,387,387,1,59.051102,12.209,0.539687,,59.051102@12.209233,59.051102@12.209233,,0.000,0.000000,59.051102,68698.47
,388,388,1,62.983849,16.102,0.827211,,62.983849@16.101534,62.983849@16.101534,,0.000,0.000000,62.983849,80241.74
,389,389,1,60.027916,19.645,0.692272,,60.027916@19.644501,60.027916@19.644501,,0.000,0.000000,60.027916,28918.19
,390,390,1,86.059921,7.158,0.678718,,86.059921@7.157516,86.059921@7.157516,,0.000,0.000000,86.059921,48139.32
,391,391,1,59.043091,12.174,0.828406,,59.043091@12.174050,59.043091@12.174050,,0.000,0.000000,59.043091,65758.84
,392,392,1,59.043007,12.509,0.816203,,59.043007@12.508834,59.043007@12.508834,,0.000,0.000000,59.043007,40583.05
,393,393,1,89.059578,4.388,0.785282,,89.059578@4.388167,89.059578@4.388167,,0.000,0.000000,89.059578,78822.27
,394,394,1,69.044586,6.947,0.784210,,69.044586@6.947400,69.044586@6.947400,,0.000,0.000000,69.044586,47719.69
,395,395,1,59.068626,13.046,0.609712,,59.068626@13.046267,59.068626@13.046267,,0.000,0.000000,59.068626,43718.33
,396,396,1,112.075500,4.046,0.815722,,112.075500@4.046367,112.075500@4.046367,,0.000,0.000000,112.075500,73437.34
,397,397,1,104.045258,5.196,0.850803,,104.045258@5.195550,104.045258@5.195550,,0.000,0.000000,104.045258,86346.76
,398,398,1,104.992165,11.581,0.646982,,104.992165@11.581150,104.992165@11.581150,,0.000,0.000000,104.992165,59988.29
,399,399,1,59.073540,8.830,0.840587,,59.073540@8.830466,59.073540@8.830466,,0.000,0.000000,59.073540,73397.52
,400,400,1,59.073536,8.294,0.694006,,59.073536@8.294217,59.073536@8.294217,,0.000,0.000000,59.073536,55697.67
,401,401,1,115.086433,8.431,0.823211,,115.086433@8.430734,115.086433@8.430734,,0.000,0.000000,115.086433,59679.42
,402,402,1,97.064621,4.046,0.718742,,97.064621@4.046367,97.064621@4.046367,,0.000,0.000000,97.064621,71330.91
,403,403,1,59.082649,10.366,0.775952,,59.082649@10.366366,59.082649@10.366366,,0.000,0.000000,59.082649,81540.45
,404,404,1,59.082520,9.388,0.533116,,59.082520@9.387733,59.082520@9.387733,,0.000,0.000000,59.082520,39350.78
,405,405,1,70.036743,13.365,0.850948,,70.036743@13.364917,70.036743@13.364917,,0.000,0.000000,70.036743,79846.43
,406,406,1,112.036713,12.753,0.850802,,112.036713@12.753316,112.036713@12.753316,,0.000,0.000000,112.036713,68586.21
,407,407,1,84.080673,11.405,0.850045,,84.080673@11.405084,84.080673@11.405084,,0.000,0.000000,84.080673,68913.30
,408,408,1,105.110229,13.453,0.847023,,105.110229@13.452801,105.110229@13.452801,,0.000,0.000000,105.110229,71320.30
,409,409,1,105.110222,13.276,0.562683,,105.110222@13.275567,105.110222@13.275567,,0.000,0.000000,105.110222,24011.64
,410,410,1,114.091171,8.248,0.673906,,114.091171@8.248384,114.091171@8.248384,,0.000,0.000000,114.091171,75763.91
,411,411,1,98.067978,2.781,0.824169,,98.067978@2.780533,98.067978@2.780533,,0.000,0.000000,98.067978,74192.81
,412,412,1,59.077766,8.960,0.842183,,59.077766@8.960450,59.077766@8.960450,,0.000,0.000000,59.077766,75425.07
,413,413,1,59.077377,8.446,0.656228,,59.077377@8.446016,59.077377@8.446016,,0.000,0.000000,59.077377,52874.92
,414,414,1,114.060448,13.942,0.810079,,114.060448@13.942266,114.060448@13.942266,,0.000,0.000000,114.060448,57287.03
,415,415,1,59.077068,10.366,0.846956,,59.077068@10.366366,59.077068@10.366366,,0.000,0.000000,59.077068,92043.62
,416,416,1,84.063583,4.046,0.819971,,84.063583@4.046367,84.063583@4.046367,,0.000,0.000000,84.063583,60487.29
,417,417,1,61.052616,13.683,0.847889,,61.052616@13.682883,61.052616@13.682883,,0.000,0.000000,61.052616,78645.41
,418,418,1,60.025898,19.800,0.839241,,60.025898@19.799833,60.025898@19.799833,,0.000,0.000000,60.025898,77277.75
,419,419,1,103.086426,15.765,0.851117,,103.086426@15.765217,103.086426@15.765217,,0.000,0.000000,103.086426,73398.47
,420,420,1,59.047573,11.405,0.822287,,59.047573@11.405084,59.047573@11.405084,,0.000,0.000000,59.047573,70860.55
,421,421,1,115.050011,5.056,0.851080,,115.050011@5.056000,115.050011@5.056000,,0.000,0.000000,115.050011,70851.57
,422,422,1,88.039169,12.305,0.847248,,88.039169@12.305234,88.039169@12.305234,,0.000,0.000000,88.039169,59821.00
,423,423,1,59.077793,11.763,0.830284,,59.077793@11.763066,59.077793@11.763066,,0.000,0.000000,59.077793,54977.70
,424,424,1,59.077892,11.405,0.657369,,59.077892@11.405084,59.077892@11.405084,,0.000,0.000000,59.077892,44113.02
,425,425,1,60.045761,6.202,0.585467,,60.045761@6.201950,60.045761@6.201950,,0.000,0.000000,60.045761,114734.32
,426,426,1,102.129280,10.126,0.628928,,102.129280@10.126284,102.129280@10.126284,,0.000,0.000000,102.129280,191155.62
,427,427,1,59.046646,11.883,0.843883,,59.046646@11.882733,59.046646@11.882733,,0.000,0.000000,59.046646,75254.10
,428,428,1,59.046604,12.560,0.838031,,59.046604@12.559934,59.046604@12.559934,,0.000,0.000000,59.046604,45381.46
,429,429,1,104.987854,16.102,0.794069,,104.987854@16.101534,104.987854@16.101534,,0.000,0.000000,104.987854,53045.34
,430,430,1,116.070442,11.750,0.839641,,116.070442@11.749850,116.070442@11.749850,,0.000,0.000000,116.070442,7800805.50
,431,431,1,100.107422,8.355,0.847257,,100.107422@8.354583,100.107422@8.354583,,0.000,0.000000,100.107422,143361.42
,432,432,1,61.060669,13.528,0.505632,,61.060669@13.527734,61.060669@13.527734,,0.000,0.000000,61.060669,48021.76
,433,433,1,102.134903,8.733,0.851511,,102.134903@8.732767,102.134903@8.732767,,0.000,0.000000,102.134903,194008.06
,434,434,1,59.044510,11.669,0.685705,,59.044510@11.668966,59.044510@11.668966,,0.000,0.000000,59.044510,49746.83
,435,435,1,99.055122,16.297,0.793933,,99.055122@16.297066,99.055122@16.297066,,0.000,0.000000,99.055122,63399.56
,436,436,1,60.080746,7.592,0.827575,,60.080746@7.591683,60.080746@7.591683,,0.000,0.000000,60.080746,41553.72
,437,437,1,60.080746,7.897,0.723779,,60.080746@7.897050,60.080746@7.897050,,0.000,0.000000,60.080746,38424.56
,438,438,1,87.040237,13.377,0.674713,,87.040237@13.377467,87.040237@13.377467,,0.000,0.000000,87.040237,38669.70
,439,439,1,103.058189,13.096,0.850876,,103.058189@13.096300,103.058189@13.096300,,0.000,0.000000,103.058189,76952.82
,440,440,1,102.129265,10.126,0.839331,,102.129265@10.126284,102.129265@10.126284,,0.000,0.000000,102.129265,191155.62
,441,441,1,59.055115,19.387,0.584702,,59.055115@19.387333,59.055115@19.387333,,0.000,0.000000,59.055115,76919.03
,442,442,1,61.066975,11.566,0.738292,,61.066975@11.566417,61.066975@11.566417,,0.000,0.000000,61.066975,26385.81
,443,443,1,61.066967,11.849,0.695175,,61.066967@11.848883,61.066967@11.848883,,0.000,0.000000,61.066967,56638.50
,444,444,1,114.892708,15.902,0.849106,,114.892708@15.901799,114.892708@15.901799,,0.000,0.000000,114.892708,64024.92
,445,445,1,60.027916,19.645,0.694387,,60.027916@19.644501,60.027916@19.644501,,0.000,0.000000,60.027916,28918.19
,446,446,1,76.039192,12.320,0.848523,,76.039192@12.320200,76.039192@12.320200,,0.000,0.000000,76.039192,73497.52
,447,447,1,109.075890,13.854,0.780482,,109.075890@13.853766,109.075890@13.853766,,0.000,0.000000,109.075890,59855.11
,448,448,1,75.093330,8.975,0.849280,,75.093330@8.975183,75.093330@8.975183,,0.000,0.000000,75.093330,67271.53
,449,449,1,60.052055,18.648,0.560047,,60.052055@18.648001,60.052055@18.648001,,0.000,0.000000,60.052055,31583.16
,450,450,1,59.052517,15.014,0.632839,,59.052517@15.014383,59.052517@15.014383,,0.000,0.000000,59.052517,37225.67
,451,451,1,102.142326,8.788,0.791977,,102.142326@8.787733,102.142326@8.787733,,0.000,0.000000,102.142326,37124.01
,452,452,1,104.126884,14.679,0.838481,,104.126884@14.679183,104.126884@14.679183,,0.000,0.000000,104.126884,68197.34
,453,453,1,87.043915,7.914,0.845547,,87.043915@7.913933,87.043915@7.913933,,0.000,0.000000,87.043915,53681.08
,454,454,1,78.955559,9.020,0.774989,,78.955559@9.020367,78.955559@9.020367,,0.000,0.000000,78.955559,25622.75
,455,455,1,90.087311,14.792,0.523599,,90.087311@14.791883,90.087311@14.791883,,0.000,0.000000,90.087311,82497.16
,456,456,1,59.079037,11.804,0.647738,,59.079037@11.803516,59.079037@11.803516,,0.000,0.000000,59.079037,46717.63
,457,457,1,116.070480,9.504,0.754081,,116.070480@9.503800,116.070480@9.503800,,0.000,0.000000,116.070480,42855.95
,458,458,1,116.070442,10.113,0.748640,,116.070442@10.112750,116.070442@10.112750,,0.000,0.000000,116.070442,39790.61
,459,459,1,59.072113,14.584,0.715417,,59.072113@14.584117,59.072113@14.584117,,0.000,0.000000,59.072113,53699.56
,460,460,1,59.066895,17.492,0.770699,,59.066895@17.492001,59.066895@17.492001,,0.000,0.000000,59.066895,44625.70
,461,461,1,110.031609,13.669,0.848563,,110.031609@13.669168,110.031609@13.669168,,0.000,0.000000,110.031609,55017.91
,462,462,1,59.049080,19.164,0.767301,,59.049080@19.163502,59.049080@19.163502,,0.000,0.000000,59.049080,44452.82
,463,463,1,59.048992,19.576,0.568811,,59.048992@19.576166,59.048992@19.576166,,0.000,0.000000,59.048992,41892.55
,464,464,1,59.067535,15.235,0.544944,,59.067535@15.235300,59.067535@15.235300,,0.000,0.000000,59.067535,31350.38
,465,465,1,74.079308,8.845,0.842793,,74.079308@8.844784,74.079308@8.844784,,0.000,0.000000,74.079308,57669.76
,466,466,1,105.987343,16.127,0.845335,,105.987343@16.127399,105.987343@16.127399,,0.000,0.000000,105.987343,57314.51
,467,467,1,59.047249,8.917,0.524061,,59.047249@8.916651,59.047249@8.916651,,0.000,0.000000,59.047249,37859.72
,468,468,1,104.078712,14.611,0.838487,,104.078712@14.610999,104.078712@14.610999,,0.000,0.000000,104.078712,82362.45
,469,469,1,59.046455,11.153,0.635000,,59.046455@11.153417,59.046455@11.153417,,0.000,0.000000,59.046455,64845.14
,470,470,1,60.045403,7.043,0.662838,,60.045403@7.042684,60.045403@7.042684,,0.000,0.000000,60.045403,439036.50
,471,471,1,101.118050,9.594,0.848314,,101.118050@9.594500,101.118050@9.594500,,0.000,0.000000,101.118050,67550.15
,472,472,1,60.035812,19.456,0.663118,,60.035812@19.456167,60.035812@19.456167,,0.000,0.000000,60.035812,61119.94
,473,473,1,115.122787,14.999,0.827644,,115.122787@14.999250,115.122787@14.999250,,0.000,0.000000,115.122787,36042.48
,474,474,1,111.055138,4.060,0.788489,,111.055138@4.059700,111.055138@4.059700,,0.000,0.000000,111.055138,45049.53
,475,475,1,102.137802,8.774,0.850807,,102.137802@8.773666,102.137802@8.773666,,0.000,0.000000,102.137802,83625.80
,476,476,1,90.051208,12.795,0.847112,,90.051208@12.794967,90.051208@12.794967,,0.000,0.000000,90.051208,63363.46
,477,477,1,74.071144,11.849,0.629438,,74.071144@11.848883,74.071144@11.848883,,0.000,0.000000,74.071144,59819.32
,478,478,1,59.051121,14.492,0.838692,,59.051121@14.491583,59.051121@14.491583,,0.000,0.000000,59.051121,54742.35
,479,479,1,102.118721,9.568,0.846983,,102.118721@9.568483,102.118721@9.568483,,0.000,0.000000,102.118721,55310.22
,480,480,1,59.054623,15.437,0.644053,,59.054623@15.437300,59.054623@15.437300,,0.000,0.000000,59.054623,45539.42
,481,481,1,102.115746,8.788,0.839820,,102.115746@8.787733,102.115746@8.787733,,0.000,0.000000,102.115746,44871.99
,482,482,1,82.041145,2.532,0.817865,,82.041145@2.531950,82.041145@2.531950,,0.000,0.000000,82.041145,58519.42
,483,483,1,59.053703,17.492,0.529037,,59.053703@17.492001,59.053703@17.492001,,0.000,0.000000,59.053703,25158.33
,484,484,1,88.039185,12.642,0.847808,,88.039185@12.642301,88.039185@12.642301,,0.000,0.000000,88.039185,51782.24
,485,485,1,59.076172,10.422,0.725838,,59.076172@10.421666,59.076172@10.421666,,0.000,0.000000,59.076172,55577.29
,486,486,1,59.076080,10.280,0.727130,,59.076080@10.279850,59.076080@10.279850,,0.000,0.000000,59.076080,53278.60
,487,487,1,59.076191,10.126,0.550820,,59.076191@10.126284,59.076191@10.126284,,0.000,0.000000,59.076191,78368.41
,488,488,1,104.147881,14.584,0.726660,,104.147881@14.584117,104.147881@14.584117,,0.000,0.000000,104.147881,38736.31
,489,489,1,104.138069,14.598,0.784639,,104.138069@14.597533,104.138069@14.597533,,0.000,0.000000,104.138069,65660.06
,490,490,1,59.075817,10.977,0.761808,,59.075817@10.976900,59.075817@10.976900,,0.000,0.000000,59.075817,41844.21
,491,491,1,59.083710,14.821,0.529801,,59.083710@14.820734,59.083710@14.820734,,0.000,0.000000,59.083710,31582.30
,492,492,1,59.083862,14.465,0.508851,,59.083862@14.465484,59.083862@14.465484,,0.000,0.000000,59.083862,28509.46
,493,493,1,112.050400,13.669,0.845953,,112.050400@13.669168,112.050400@13.669168,,0.000,0.000000,112.050400,43914.46
,494,494,1,85.028252,2.584,0.715586,,85.028252@2.584466,85.028252@2.584466,,0.000,0.000000,85.028252,67485.66
,495,495,1,59.044193,13.515,0.777634,,59.044193@13.515183,59.044193@13.515183,,0.000,0.000000,59.044193,43256.66
,496,496,1,59.044388,13.642,0.508221,,59.044388@13.641933,59.044388@13.641933,,0.000,0.000000,59.044388,36165.04
,497,497,1,101.070793,18.441,0.560708,,101.070793@18.440832,101.070793@18.440832,,0.000,0.000000,101.070793,20208.37
,498,498,1,100.075592,9.321,0.799932,,100.075592@9.321066,100.075592@9.321066,,0.000,0.000000,100.075592,35120.54
,499,499,1,115.063026,7.428,0.847726,,115.063026@7.427850,115.063026@7.427850,,0.000,0.000000,115.063026,53406.56
,500,500,1,113.070755,13.428,0.823190,,113.070755@13.427833,113.070755@13.427833,,0.000,0.000000,113.070755,37942.34
,501,501,1,115.130905,8.520,0.847210,,115.130905@8.520467,115.130905@8.520467,,0.000,0.000000,115.130905,51705.61
,502,502,1,101.070770,19.009,0.810166,,101.070770@19.009335,101.070770@19.009335,,0.000,0.000000,101.070770,44276.27
,503,503,1,101.070755,19.233,0.810272,,101.070755@19.232500,101.070755@19.232500,,0.000,0.000000,101.070755,40162.11
,504,504,1,88.086723,8.788,0.850367,,88.086723@8.787733,88.086723@8.787733,,0.000,0.000000,88.086723,50555.78
,505,505,1,60.038818,14.584,0.764075,,60.038818@14.584117,60.038818@14.584117,,0.000,0.000000,60.038818,48428.15
,506,506,1,91.088379,14.850,0.533567,,91.088379@14.849851,91.088379@14.849851,,0.000,0.000000,91.088379,50606.29
,507,507,1,80.947693,5.573,0.678582,,80.947693@5.572617,80.947693@5.572617,,0.000,0.000000,80.947693,34875.61
,508,508,1,98.096245,4.019,0.781687,,98.096245@4.019450,98.096245@4.019450,,0.000,0.000000,98.096245,54179.95
,509,509,1,62.059921,13.184,0.579017,,62.059921@13.184417,62.059921@13.184417,,0.000,0.000000,62.059921,23104.18
,510,510,1,98.984016,15.715,0.607918,,98.984016@15.714550,98.984016@15.714550,,0.000,0.000000,98.984016,24618.15
,511,511,1,87.046562,13.365,0.753416,,87.046562@13.364917,87.046562@13.364917,,0.000,0.000000,87.046562,61508.84
,512,512,1,116.065086,11.776,0.726022,,116.065086@11.776366,116.065086@11.776366,,0.000,0.000000,116.065086,22148.51
,513,513,1,85.075882,10.266,0.781499,,85.075882@10.265550,85.075882@10.265550,,0.000,0.000000,85.075882,41043.62
,514,514,1,90.057434,12.737,0.835606,,90.057434@12.737033,90.057434@12.737033,,0.000,0.000000,90.057434,73883.91
,515,515,1,104.066765,14.624,0.754446,,104.066765@14.624499,104.066765@14.624499,,0.000,0.000000,104.066765,33264.66
,516,516,1,59.037228,13.565,0.595990,,59.037228@13.565351,59.037228@13.565351,,0.000,0.000000,59.037228,47563.63
,517,517,1,59.037075,12.365,0.541993,,59.037075@12.365200,59.037075@12.365200,,0.000,0.000000,59.037075,69483.57
,518,518,1,59.054039,19.387,0.757634,,59.054039@19.387333,59.054039@19.387333,,0.000,0.000000,59.054039,60795.33
,519,519,1,102.129265,10.126,0.841070,,102.129265@10.126284,102.129265@10.126284,,0.000,0.000000,102.129265,191155.62
,520,520,1,94.922539,15.953,0.842517,,94.922539@15.952600,94.922539@15.952600,,0.000,0.000000,94.922539,46067.98
,521,521,1,78.079857,12.459,0.850263,,78.079857@12.459451,78.079857@12.459451,,0.000,0.000000,78.079857,48259.59
,522,522,1,60.053185,13.724,0.843785,,60.053185@13.723817,60.053185@13.723817,,0.000,0.000000,60.053185,46905.39
,523,523,1,60.053082,13.942,0.832199,,60.053082@13.942266,60.053082@13.942266,,0.000,0.000000,60.053082,22153.02
,524,524,1,59.076870,12.476,0.535787,,59.076870@12.475699,59.076870@12.475699,,0.000,0.000000,59.076870,39623.28
,525,525,1,115.038788,2.532,0.800765,,115.038788@2.531950,115.038788@2.531950,,0.000,0.000000,115.038788,54063.17
,526,526,1,59.076565,8.324,0.837929,,59.076565@8.324483,59.076565@8.324483,,0.000,0.000000,59.076565,42080.54
,527,527,1,104.063141,13.365,0.841840,,104.063141@13.364917,104.063141@13.364917,,0.000,0.000000,104.063141,54654.52
,528,528,1,59.082241,13.540,0.777366,,59.082241@13.540267,59.082241@13.540267,,0.000,0.000000,59.082241,39599.34
,529,529,1,59.052376,18.924,0.831047,,59.052376@18.923500,59.052376@18.923500,,0.000,0.000000,59.052376,50284.42
,530,530,1,60.068222,18.026,0.840264,,60.068222@18.025667,60.068222@18.025667,,0.000,0.000000,60.068222,51512.16
,531,531,1,60.068291,17.766,0.840583,,60.068291@17.765999,60.068291@17.765999,,0.000,0.000000,60.068291,38850.47
,532,532,1,77.070847,19.508,0.834153,,77.070847@19.507666,77.070847@19.507666,,0.000,0.000000,77.070847,41114.20
,533,533,1,59.042038,10.223,0.626897,,59.042038@10.223066,59.042038@10.223066,,0.000,0.000000,59.042038,49718.94
,534,534,1,59.041389,9.946,0.527411,,59.041389@9.945766,59.041389@9.945766,,0.000,0.000000,59.041389,43150.46
,535,535,1,60.040020,13.930,0.679192,,60.040020@13.929616,60.040020@13.929616,,0.000,0.000000,60.040020,30393.97
,536,536,1,60.039436,13.710,0.506641,,60.039436@13.710234,60.039436@13.710234,,0.000,0.000000,60.039436,23550.19
,537,537,1,99.091530,15.715,0.520264,,99.091530@15.714550,99.091530@15.714550,,0.000,0.000000,99.091530,28252.55
,538,538,1,104.077507,14.611,0.832683,,104.077507@14.610999,104.077507@14.610999,,0.000,0.000000,104.077507,64018.33
,539,539,1,62.981758,19.198,0.796482,,62.981758@19.198168,62.981758@19.198168,,0.000,0.000000,62.981758,47612.48
,540,540,1,58.065170,11.228,0.585722,,58.065170@11.228350,58.065170@11.228350,,0.000,0.000000,58.065170,34667.67
,541,541,1,78.955528,7.828,0.551477,,78.955528@7.827900,78.955528@7.827900,,0.000,0.000000,78.955528,28149.29
,542,542,1,96.923515,15.927,0.602129,,96.923515@15.927200,96.923515@15.927200,,0.000,0.000000,96.923515,35765.59
,543,543,1,115.075134,4.046,0.822977,,115.075134@4.046367,115.075134@4.046367,,0.000,0.000000,115.075134,48984.32
,544,544,1,59.049145,4.751,0.522241,,59.049145@4.750700,59.049145@4.750700,,0.000,0.000000,59.049145,13221.54
,545,545,1,59.073093,7.963,0.665244,,59.073093@7.963400,59.073093@7.963400,,0.000,0.000000,59.073093,39763.26
,546,546,1,59.072689,8.309,0.530810,,59.072689@8.309417,59.072689@8.309417,,0.000,0.000000,59.072689,51200.72
,547,547,1,99.043945,13.791,0.848451,,99.043945@13.790716,99.043945@13.790716,,0.000,0.000000,99.043945,47978.48
,548,548,1,82.065010,13.377,0.834189,,82.065010@13.377467,82.065010@13.377467,,0.000,0.000000,82.065010,48599.64
,549,549,1,82.064980,13.197,0.839852,,82.064980@13.197300,82.064980@13.197300,,0.000,0.000000,82.064980,32054.74
,550,550,1,85.075890,6.870,0.668883,,85.075890@6.870400,85.075890@6.870400,,0.000,0.000000,85.075890,28537.82
,551,551,1,70.047974,4.167,0.831118,,70.047974@4.167117,70.047974@4.167117,,0.000,0.000000,70.047974,51699.39
,552,552,1,59.083504,9.830,0.787611,,59.083504@9.829984,59.083504@9.829984,,0.000,0.000000,59.083504,117149.01
,553,553,1,83.085487,11.987,0.713263,,83.085487@11.987033,83.085487@11.987033,,0.000,0.000000,83.085487,29348.42
,554,554,1,59.036694,18.820,0.842404,,59.036694@18.820333,59.036694@18.820333,,0.000,0.000000,59.036694,41780.92
,555,555,1,59.036674,18.545,0.767359,,59.036674@18.544500,59.036674@18.544500,,0.000,0.000000,59.036674,50731.04
,556,556,1,58.065079,16.614,0.844424,,58.065079@16.614250,58.065079@16.614250,,0.000,0.000000,58.065079,37526.65
,557,557,1,115.086426,11.103,0.837677,,115.086426@11.103049,115.086426@11.103049,,0.000,0.000000,115.086426,47481.38
,558,558,1,115.086464,11.241,0.821278,,115.086464@11.240816,115.086464@11.240816,,0.000,0.000000,115.086464,38189.43
,559,559,1,69.033386,2.584,0.768125,,69.033386@2.584466,69.033386@2.584466,,0.000,0.000000,69.033386,55807.67
,560,560,1,75.093361,10.461,0.662146,,75.093361@10.461134,75.093361@10.461134,,0.000,0.000000,75.093361,38744.65
,561,561,1,59.083939,11.476,0.841642,,59.083939@11.476284,59.083939@11.476284,,0.000,0.000000,59.083939,101772.46
,562,562,1,102.054817,19.593,0.762734,,102.054817@19.593332,102.054817@19.593332,,0.000,0.000000,102.054817,45839.66
,563,563,1,110.007065,10.600,0.741422,,110.007065@10.600367,110.007065@10.600367,,0.000,0.000000,110.007065,51970.94
,564,564,1,59.083801,18.665,0.828987,,59.083801@18.665335,59.083801@18.665335,,0.000,0.000000,59.083801,33333.42
,565,565,1,59.049191,5.429,0.513351,,59.049191@5.429483,59.049191@5.429483,,0.000,0.000000,59.049191,24269.04
,566,566,1,59.042889,15.992,0.838090,,59.042889@15.991533,59.042889@15.991533,,0.000,0.000000,59.042889,38542.98
,567,567,1,60.050415,15.611,0.835310,,60.050415@15.610766,60.050415@15.610766,,0.000,0.000000,60.050415,33104.73
,568,568,1,60.034218,17.281,0.558500,,60.034218@17.280666,60.034218@17.280666,,0.000,0.000000,60.034218,24223.96
,569,569,1,71.068398,11.776,0.787785,,71.068398@11.776366,71.068398@11.776366,,0.000,0.000000,71.068398,33026.04
,570,570,1,113.070724,7.027,0.739912,,113.070724@7.027050,113.070724@7.027050,,0.000,0.000000,113.070724,33464.21
,571,571,1,78.955528,12.577,0.565549,,78.955528@12.576983,78.955528@12.576983,,0.000,0.000000,78.955528,46179.79
,572,572,1,104.061867,2.584,0.820711,,104.061867@2.584466,104.061867@2.584466,,0.000,0.000000,104.061867,50260.12
,573,573,1,71.060333,12.320,0.845629,,71.060333@12.320200,71.060333@12.320200,,0.000,0.000000,71.060333,39709.21
,574,574,1,59.068661,13.046,0.714947,,59.068661@13.046267,59.068661@13.046267,,0.000,0.000000,59.068661,41362.43
,575,575,1,74.098045,5.348,0.763594,,74.098045@5.348350,74.098045@5.348350,,0.000,0.000000,74.098045,86435.68
,576,576,1,105.073692,4.006,0.827812,,105.073692@4.005800,105.073692@4.005800,,0.000,0.000000,105.073692,50992.02
,577,577,1,98.057495,12.459,0.845682,,98.057495@12.459451,98.057495@12.459451,,0.000,0.000000,98.057495,44965.98
,578,578,1,80.947708,4.560,0.712187,,80.947708@4.559717,80.947708@4.559717,,0.000,0.000000,80.947708,25997.25
,579,579,1,102.074310,8.760,0.850043,,102.074310@8.759851,102.074310@8.759851,,0.000,0.000000,102.074310,54115.11
,580,580,1,103.123528,10.034,0.795226,,103.123528@10.034300,103.123528@10.034300,,0.000,0.000000,103.123528,19031.05
,581,581,1,59.052219,18.924,0.526723,,59.052219@18.923500,59.052219@18.923500,,0.000,0.000000,59.052219,50284.42
,582,582,1,102.074570,8.760,0.850282,,102.074570@8.759851,102.074570@8.759851,,0.000,0.000000,102.074570,54115.11
,583,583,1,59.071312,16.560,0.681468,,59.071312@16.560284,59.071312@16.560284,,0.000,0.000000,59.071312,55072.50
,584,584,1,100.117744,9.581,0.842420,,100.117744@9.581467,100.117744@9.581467,,0.000,0.000000,100.117744,96526.19
,585,585,1,111.055153,11.447,0.794741,,111.055153@11.446517,111.055153@11.446517,,0.000,0.000000,111.055153,33093.63
,586,586,1,111.055122,11.166,0.630536,,111.055122@11.165934,111.055122@11.165934,,0.000,0.000000,111.055122,26732.43
,587,587,1,115.036392,6.999,0.851164,,115.036392@6.998533,115.036392@6.998533,,0.000,0.000000,115.036392,52175.89
,588,588,1,100.075600,11.953,0.772589,,100.075600@11.952749,100.075600@11.952749,,0.000,0.000000,100.075600,27758.41
,589,589,1,93.021187,19.112,0.745105,,93.021187@19.112000,93.021187@19.112000,,0.000,0.000000,93.021187,18647.34
,590,590,1,100.112206,19.800,0.712022,,100.112206@19.799833,100.112206@19.799833,,0.000,0.000000,100.112206,701050.31
,591,591,1,59.037109,11.507,0.755328,,59.037109@11.506733,59.037109@11.506733,,0.000,0.000000,59.037109,93635.28
,592,592,1,100.109787,15.060,0.836888,,100.109787@15.060367,100.109787@15.060367,,0.000,0.000000,100.109787,33726.32
,593,593,1,117.073807,11.750,0.845517,,117.073807@11.749850,117.073807@11.749850,,0.000,0.000000,117.073807,38938.35
,594,594,1,115.069443,12.896,0.848242,,115.069443@12.895650,115.069443@12.895650,,0.000,0.000000,115.069443,45886.86
,595,595,1,59.083706,17.766,0.740317,,59.083706@17.765999,59.083706@17.765999,,0.000,0.000000,59.083706,19295.25
,596,596,1,102.054787,15.420,0.847851,,102.054787@15.420116,102.054787@15.420116,,0.000,0.000000,102.054787,44065.63
,597,597,1,59.077938,7.672,0.844083,,59.077938@7.671650,59.077938@7.671650,,0.000,0.000000,59.077938,44587.67
,598,598,1,59.045143,12.259,0.801108,,59.045143@12.259299,59.045143@12.259299,,0.000,0.000000,59.045143,52429.77
,599,599,1,114.037727,4.958,0.848121,,114.037727@4.958367,114.037727@4.958367,,0.000,0.000000,114.037727,49574.64
,600,600,1,59.075306,12.365,0.845990,,59.075306@12.365200,59.075306@12.365200,,0.000,0.000000,59.075306,54654.44
,601,601,1,106.064911,2.584,0.761755,,106.064911@2.584466,106.064911@2.584466,,0.000,0.000000,106.064911,47213.91
,602,602,1,59.067352,19.439,0.708959,,59.067352@19.438999,59.067352@19.438999,,0.000,0.000000,59.067352,18259.04
,603,603,1,89.050667,13.365,0.848363,,89.050667@13.364917,89.050667@13.364917,,0.000,0.000000,89.050667,41069.46
,604,604,1,102.118736,8.355,0.844738,,102.118736@8.354583,102.118736@8.354583,,0.000,0.000000,102.118736,42218.31
,605,605,1,101.078865,2.820,0.827164,,101.078865@2.820217,101.078865@2.820217,,0.000,0.000000,101.078865,45656.10
,606,606,1,90.090141,8.520,0.716269,,90.090141@8.520467,90.090141@8.520467,,0.000,0.000000,90.090141,583038.94
,607,607,1,90.090759,8.859,0.536556,,90.090759@8.859051,90.090759@8.859051,,0.000,0.000000,90.090759,369581.88
,608,608,1,69.069809,9.491,0.842712,,69.069809@9.490933,69.069809@9.490933,,0.000,0.000000,69.069809,47439.63
,609,609,1,86.031670,11.203,0.833146,,86.031670@11.203400,86.031670@11.203400,,0.000,0.000000,86.031670,46706.64
,610,610,1,59.055550,4.388,0.572749,,59.055550@4.388167,59.055550@4.388167,,0.000,0.000000,59.055550,17895.28
,611,611,1,59.066925,12.412,0.670097,,59.066925@12.411600,59.066925@12.411600,,0.000,0.000000,59.066925,79034.77
,612,612,1,114.091194,11.537,0.535189,,114.091194@11.536783,114.091194@11.536783,,0.000,0.000000,114.091194,17906.14
,613,613,1,60.034260,17.904,0.675576,,60.034260@17.903999,60.034260@17.903999,,0.000,0.000000,60.034260,34504.32
,614,614,1,90.091217,13.302,0.757429,,90.091217@13.301767,90.091217@13.301767,,0.000,0.000000,90.091217,1522222.38
,615,615,1,59.049149,5.911,0.565808,,59.049149@5.910917,59.049149@5.910917,,0.000,0.000000,59.049149,21487.35
,616,616,1,59.069584,7.947,0.551599,,59.069584@7.947050,59.069584@7.947050,,0.000,0.000000,59.069584,37633.89
,617,617,1,59.073612,12.782,0.531279,,59.073612@12.782233,59.073612@12.782233,,0.000,0.000000,59.073612,52361.64
,618,618,1,59.040897,11.116,0.767684,,59.040897@11.115733,59.040897@11.115733,,0.000,0.000000,59.040897,42158.26
,619,619,1,59.041374,10.939,0.615085,,59.041374@10.939166,59.041374@10.939166,,0.000,0.000000,59.041374,29157.34
,620,620,1,60.048214,12.209,0.696544,,60.048214@12.209233,60.048214@12.209233,,0.000,0.000000,60.048214,37235.94
,621,621,1,102.107582,8.746,0.757856,,102.107582@8.746266,102.107582@8.746266,,0.000,0.000000,102.107582,31402.65
,622,622,1,112.022652,12.737,0.845180,,112.022652@12.737033,112.022652@12.737033,,0.000,0.000000,112.022652,48002.57
,623,623,1,101.117981,8.339,0.840742,,101.117981@8.339499,101.117981@8.339499,,0.000,0.000000,101.117981,40686.09
,624,624,1,59.046707,13.009,0.689394,,59.046707@13.008699,59.046707@13.008699,,0.000,0.000000,59.046707,29135.86
,625,625,1,87.043747,9.530,0.830555,,87.043747@9.529616,87.043747@9.529616,,0.000,0.000000,87.043747,546986.69
,626,626,1,102.116646,8.719,0.851013,,102.116646@8.719300,102.116646@8.719300,,0.000,0.000000,102.116646,81823.41
,627,627,1,59.047913,15.154,0.828850,,59.047913@15.154400,59.047913@15.154400,,0.000,0.000000,59.047913,39494.91
,628,628,1,91.097267,14.806,0.748144,,91.097267@14.806266,91.097267@14.806266,,0.000,0.000000,91.097267,41289.46
,629,629,1,60.061325,19.800,0.524564,,60.061325@19.799833,60.061325@19.799833,,0.000,0.000000,60.061325,52834.59
,630,630,1,59.070633,7.218,0.515380,,59.070633@7.217950,59.070633@7.217950,,0.000,0.000000,59.070633,24534.09
,631,631,1,59.069412,11.153,0.829288,,59.069412@11.153417,59.069412@11.153417,,0.000,0.000000,59.069412,81666.49
,632,632,1,59.069241,11.353,0.813779,,59.069241@11.353383,59.069241@11.353383,,0.000,0.000000,59.069241,48403.61
,633,633,1,59.050533,16.904,0.770265,,59.050533@16.903666,59.050533@16.903666,,0.000,0.000000,59.050533,37598.10
,634,634,1,60.032288,18.424,0.816472,,60.032288@18.423500,60.032288@18.423500,,0.000,0.000000,60.032288,30595.23
,635,635,1,104.136948,14.611,0.795520,,104.136948@14.610999,104.136948@14.610999,,0.000,0.000000,104.136948,52918.84
,636,636,1,61.066963,13.503,0.691028,,61.066963@13.502684,61.066963@13.502684,,0.000,0.000000,61.066963,42399.40
,637,637,1,60.024231,19.215,0.780861,,60.024231@19.215168,60.024231@19.215168,,0.000,0.000000,60.024231,32041.57
,638,638,1,74.093491,2.728,0.672686,,74.093491@2.728067,74.093491@2.728067,,0.000,0.000000,74.093491,29513.18
,639,639,1,112.094902,9.581,0.754704,,112.094902@9.581467,112.094902@9.581467,,0.000,0.000000,112.094902,30028.20
,640,640,1,103.054085,8.549,0.760450,,103.054085@8.549283,103.054085@8.549283,,0.000,0.000000,103.054085,24734.39
,641,641,1,105.076454,13.352,0.815501,,105.076454@13.352367,105.076454@13.352367,,0.000,0.000000,105.076454,38635.33
,642,642,1,64.013481,16.089,0.789508,,64.013481@16.088583,64.013481@16.088583,,0.000,0.000000,64.013481,44330.27
,643,643,1,62.981724,18.872,0.531497,,62.981724@18.872000,62.981724@18.872000,,0.000,0.000000,62.981724,32768.82
,644,644,1,114.060669,7.402,0.837978,,114.060669@7.402250,114.060669@7.402250,,0.000,0.000000,114.060669,35097.03
,645,645,1,59.077610,15.697,0.842093,,59.077610@15.697300,59.077610@15.697300,,0.000,0.000000,59.077610,38303.05
,646,646,1,85.075897,13.197,0.803029,,85.075897@13.197300,85.075897@13.197300,,0.000,0.000000,85.075897,27254.16
,647,647,1,85.075912,13.315,0.762963,,85.075912@13.314567,85.075912@13.314567,,0.000,0.000000,85.075912,25085.15
,648,648,1,100.039223,12.335,0.788564,,100.039223@12.335051,100.039223@12.335051,,0.000,0.000000,100.039223,38691.09
,649,649,1,60.039394,13.262,0.842558,,60.039394@13.262417,60.039394@13.262417,,0.000,0.000000,60.039394,47067.88
,650,650,1,59.079910,12.275,0.545936,,59.079910@12.274917,59.079910@12.274917,,0.000,0.000000,59.079910,16731.17
